-- MySQL Script generated by MySQL Workbench
-- Sat May 29 11:47:39 2021
-- Model: New Model    Version: 1.0
-- MySQL Workbench Forward Engineering

SET @OLD_UNIQUE_CHECKS=@@UNIQUE_CHECKS, UNIQUE_CHECKS=0;
SET @OLD_FOREIGN_KEY_CHECKS=@@FOREIGN_KEY_CHECKS, FOREIGN_KEY_CHECKS=0;
SET @OLD_SQL_MODE=@@SQL_MODE, SQL_MODE='ONLY_FULL_GROUP_BY,STRICT_TRANS_TABLES,NO_ZERO_IN_DATE,NO_ZERO_DATE,ERROR_FOR_DIVISION_BY_ZERO,NO_ENGINE_SUBSTITUTION';

-- -----------------------------------------------------
-- Schema jdbc
-- -----------------------------------------------------
DROP SCHEMA IF EXISTS `jdbc` ;

-- -----------------------------------------------------
-- Schema jdbc
-- -----------------------------------------------------
CREATE SCHEMA IF NOT EXISTS `jdbc` DEFAULT CHARACTER SET utf8 ;
SHOW WARNINGS;
-- -----------------------------------------------------
-- Schema new_schema1
-- -----------------------------------------------------
SHOW WARNINGS;
USE `jdbc` ;

-- -----------------------------------------------------
-- Table `Author`
-- -----------------------------------------------------
DROP TABLE IF EXISTS `Author` ;

SHOW WARNINGS;
CREATE TABLE IF NOT EXISTS `Author` (
  `Authorid` INT NOT NULL AUTO_INCREMENT,
  `fullname` VARCHAR(45) NOT NULL,
  `email` VARCHAR(45) NOT NULL,
  PRIMARY KEY (`Authorid`))
ENGINE = InnoDB;

SHOW WARNINGS;

-- -----------------------------------------------------
-- Table `Book`
-- -----------------------------------------------------
DROP TABLE IF EXISTS `Book` ;

SHOW WARNINGS;
CREATE TABLE IF NOT EXISTS `Book` (
  `Author` VARCHAR(45) NOT NULL,
  `ISBN` INT NOT NULL AUTO_INCREMENT,
  `title` VARCHAR(45) NOT NULL,
  `price` DOUBLE NOT NULL,
  PRIMARY KEY (`ISBN`))
ENGINE = InnoDB;

SHOW WARNINGS;

-- -----------------------------------------------------
-- Table `book_author`
-- -----------------------------------------------------
DROP TABLE IF EXISTS `book_author` ;

SHOW WARNINGS;
CREATE TABLE IF NOT EXISTS `book_author` (
	BOOK INTEGER REFERENCES BOOK(ISBN),
	AUTHOR INTEGER REFERENCES AUTHOR(authorid),
  PRIMARY KEY(BOOK, AUTHOR))
ENGINE = InnoDB;

SHOW WARNINGS;

SET SQL_MODE=@OLD_SQL_MODE;
SET FOREIGN_KEY_CHECKS=@OLD_FOREIGN_KEY_CHECKS;
SET UNIQUE_CHECKS=@OLD_UNIQUE_CHECKS;

INSERT INTO `Book` (`author`,`isbn`,`title`,`price`) VALUES ("Octavius Wilcox",1,"nec,","95.98"),("Erasmus Hall",2,"cursus","70.47"),("Mason Merritt",3,"aliquet","59.54"),("Wylie Meyers",4,"fames","62.40"),("Quinn Kelley",5,"tortor","59.67"),("Keane Hicks",6,"dolor.","48.72"),("Jack Sandoval",7,"imperdiet","48.33"),("Driscoll Gregory",8,"Suspendisse","57.74"),("Ronan Mcdowell",9,"nisi.","50.73"),("Fritz Keith",10,"Nunc","72.32");
INSERT INTO `Book` (`author`,`isbn`,`title`,`price`) VALUES ("Mohammad Burks",11,"lorem","43.11"),("Jacob Donaldson",12,"Vestibulum","51.80"),("Bradley Ramirez",13,"eget","10.10"),("Acton Wilson",14,"eleifend,","66.59"),("Nathaniel Soto",15,"sed","35.94"),("Marsden Thomas",16,"mi","5.93"),("Rooney Malone",17,"est,","58.44"),("Chase Bond",18,"orci","21.02"),("Elliott Blevins",19,"nunc.","64.43"),("Hasad Burch",20,"aliquet","24.50");
INSERT INTO `Book` (`author`,`isbn`,`title`,`price`) VALUES ("Nathaniel Burke",21,"ipsum","9.49"),("Aidan Ramsey",22,"Ut","16.60"),("Alexander Olsen",23,"nec","26.56"),("Cadman Walters",24,"elit","0.52"),("Keefe Hartman",25,"fringilla","71.88"),("Akeem Hayden",26,"turpis","8.97"),("Yoshio Knapp",27,"feugiat","5.50"),("Abbot Meyer",28,"Duis","99.38"),("Thor Good",29,"ultrices.","95.57"),("Seth Weeks",30,"nisl.","15.21");
INSERT INTO `Book` (`author`,`isbn`,`title`,`price`) VALUES ("Abdul Alston",31,"arcu.","8.38"),("Brady Weber",32,"nunc","39.34"),("Grant Blanchard",33,"velit.","26.51"),("Lucian Mcconnell",34,"litora","83.64"),("Daquan Cook",35,"at,","30.94"),("Stone Castro",36,"ac","79.73"),("Matthew Barber",37,"Proin","38.08"),("Barclay Pacheco",38,"luctus","52.43"),("Jordan Kelley",39,"viverra.","71.54"),("Clark Fitzgerald",40,"Sed","42.75");
INSERT INTO `Book` (`author`,`isbn`,`title`,`price`) VALUES ("Elijah Moran",41,"dictum","14.13"),("Edward Butler",42,"orci","47.75"),("Uriel Parsons",43,"nec","38.22"),("Hall Parker",44,"Nulla","23.95"),("Cain Acevedo",45,"mollis","23.18"),("Paki Gaines",46,"ipsum","57.14"),("Quinlan Stevens",47,"fringilla","99.44"),("Keaton Sharpe",48,"blandit.","18.66"),("Adrian Guerra",49,"lorem","88.08"),("Avram Ellis",50,"Duis","69.08");
INSERT INTO `Book` (`author`,`isbn`,`title`,`price`) VALUES ("Vaughan Avila",51,"urna.","9.90"),("Carter Conrad",52,"euismod","83.64"),("Nolan Munoz",53,"lacinia","18.99"),("Kane Chan",54,"neque","93.80"),("Joel Marsh",55,"fermentum","72.30"),("Theodore Rowland",56,"nisl.","58.00"),("Orlando Ellison",57,"pretium","80.48"),("Akeem Mueller",58,"leo,","86.06"),("Solomon West",59,"Proin","72.96"),("Tyler Jones",60,"Maecenas","17.88");
INSERT INTO `Book` (`author`,`isbn`,`title`,`price`) VALUES ("Gage Ortega",61,"Fusce","75.79"),("Stephen Moreno",62,"ut","32.32"),("Brendan Best",63,"congue,","7.38"),("Raymond Cortez",64,"non,","96.89"),("Garth Copeland",65,"dictum","72.47"),("Ross Kinney",66,"egestas.","8.02"),("Isaac Miranda",67,"Cum","78.43"),("Moses Navarro",68,"ante","75.67"),("Drake Chase",69,"eleifend,","20.94"),("Armand Kirkland",70,"amet,","12.35");
INSERT INTO `Book` (`author`,`isbn`,`title`,`price`) VALUES ("Jamal Hurst",71,"quis,","5.36"),("Neville Lang",72,"enim","57.36"),("Thaddeus Salinas",73,"egestas","13.51"),("Blake Dunn",74,"amet","65.16"),("Tyrone Potter",75,"bibendum","45.39"),("Lucius Butler",76,"Donec","47.05"),("Wyatt Cash",77,"iaculis,","89.33"),("Ali Duncan",78,"dis","64.06"),("Cairo Delacruz",79,"Cras","64.78"),("Gavin Carpenter",80,"eros.","65.64");
INSERT INTO `Book` (`author`,`isbn`,`title`,`price`) VALUES ("Fulton Terry",81,"at,","1.05"),("Emery Hogan",82,"ac","48.28"),("Vernon Hahn",83,"in,","17.78"),("Aladdin Solis",84,"Nunc","25.49"),("Alec Sexton",85,"pede","33.74"),("Aquila Chen",86,"nec,","31.43"),("Travis Mills",87,"Nulla","91.44"),("Brady James",88,"vitae","33.99"),("Giacomo Francis",89,"urna","8.39"),("Ezra Haynes",90,"adipiscing.","36.91");
INSERT INTO `Book` (`author`,`isbn`,`title`,`price`) VALUES ("Axel Holt",91,"nunc","24.64"),("Jonah Burks",92,"ligula","41.52"),("Timon Berger",93,"dictum","32.98"),("Castor Cote",94,"tellus","5.05"),("Tad Mercer",95,"nibh","10.80"),("Camden Byers",96,"diam.","98.71"),("Tanner Lindsey",97,"malesuada.","92.03"),("Marsden Franklin",98,"at,","69.85"),("Dale Carrillo",99,"In","46.04"),("Emerson Pickett",100,"Donec","84.19");



INSERT INTO `Author` (`authorID`,`fullname`,`email`) VALUES (1,"Travis Grant","Nam@nisia.com"),(2,"Xavier Wall","Cras.dolor.dolor@nisi.ca"),(3,"Finn Day","in@Mauris.co.uk"),(4,"Noah Dunn","facilisi@vehiculaaliquet.net"),(5,"Mannix Mason","commodo.at@metus.org"),(6,"Hashim Olsen","Curabitur.egestas.nunc@quisturpisvitae.ca"),(7,"Hyatt Richardson","lorem.luctus.ut@idliberoDonec.net"),(8,"Marsden Townsend","interdum.Curabitur@netuset.co.uk"),(9,"Lucian Dominguez","Nam.tempor@Nunc.co.uk"),(10,"Kane Bray","Nunc@natoquepenatibuset.com");
INSERT INTO `Author` (`authorID`,`fullname`,`email`) VALUES (11,"Reuben Fry","pretium.neque.Morbi@enimNuncut.ca"),(12,"Merritt Nicholson","nunc@et.org"),(13,"Kane Pierce","iaculis.odio@purussapien.com"),(14,"Trevor Morgan","fringilla.ornare@felisullamcorper.ca"),(15,"Austin Downs","Nam.ac.nulla@Infaucibus.edu"),(16,"Adrian Guerra","hendrerit.a@nuncsedlibero.ca"),(17,"Adrian Richardson","risus.at.fringilla@ipsumSuspendisse.com"),(18,"Orson Luna","Integer@dignissimMaecenasornare.com"),(19,"Benedict Pearson","Donec.feugiat@Donec.edu"),(20,"Grant Dunn","conubia.nostra@venenatisvel.net");
INSERT INTO `Author` (`authorID`,`fullname`,`email`) VALUES (21,"Jeremy Sparks","parturient@imperdiet.org"),(22,"Conan Lyons","vel@sedleoCras.org"),(23,"Flynn Gilmore","ligula@felis.net"),(24,"Ahmed Cobb","mi@rutrumurnanec.edu"),(25,"Benjamin Keller","arcu.Vestibulum@augue.edu"),(26,"Baxter Morrow","Nunc@iaculisquis.edu"),(27,"Akeem Bond","sem.Nulla@Praesent.co.uk"),(28,"Aidan Jensen","hendrerit.a.arcu@consequatauctornunc.org"),(29,"Sebastian Carter","ante.Vivamus@eu.net"),(30,"Garth Estes","ornare.In.faucibus@orcilacus.edu");
INSERT INTO `Author` (`authorID`,`fullname`,`email`) VALUES (31,"Kato Valdez","ut@lobortisquis.ca"),(32,"Lamar Knapp","In.condimentum@Integertinciduntaliquam.net"),(33,"Jameson Chase","odio.semper@Sedeget.org"),(34,"Quentin Mathews","Nunc.ac@facilisismagna.org"),(35,"Uriel Snider","est.ac@Donecest.net"),(36,"Joshua English","fringilla@tortorIntegeraliquam.co.uk"),(37,"Harding Ferguson","volutpat.nunc.sit@nectempus.co.uk"),(38,"Cade Delaney","semper.et.lacinia@sedleoCras.co.uk"),(39,"Mufutau Horne","nunc.risus@Infaucibus.edu"),(40,"Walker Ballard","hendrerit.id@enimdiamvel.com");
INSERT INTO `Author` (`authorID`,`fullname`,`email`) VALUES (41,"Yuli Singleton","Aenean.eget@ut.com"),(42,"Kasimir Palmer","metus.Aenean.sed@egetvarius.co.uk"),(43,"Aidan Cooley","hendrerit@indolor.edu"),(44,"Geoffrey Snider","convallis@orciluctuset.net"),(45,"Reuben Cote","nonummy@etrutrumeu.com"),(46,"Keefe Mccarthy","vitae.semper.egestas@commodo.com"),(47,"Ronan Compton","amet.ornare.lectus@purusactellus.edu"),(48,"Palmer Delacruz","ad.litora@auctor.edu"),(49,"Ashton Kent","nec.mollis.vitae@dignissim.edu"),(50,"Octavius Dunlap","nisi.magna@quisurna.ca");
INSERT INTO `Author` (`authorID`,`fullname`,`email`) VALUES (51,"Tobias Case","ipsum.non.arcu@DonecestNunc.ca"),(52,"Drew Dickson","enim.Curabitur.massa@ametfaucibus.org"),(53,"Kyle Roach","nunc.sit.amet@QuisquevariusNam.co.uk"),(54,"Griffin Vaughan","eu.metus.In@commodoauctorvelit.edu"),(55,"Clarke Dunlap","Nulla.eu@posuerecubilia.com"),(56,"Tiger Mueller","aliquet@Nullaegetmetus.com"),(57,"Cooper Richard","feugiat.metus.sit@dolorsit.edu"),(58,"Tobias Merrill","et.rutrum@nonsollicitudin.edu"),(59,"Erasmus Guerra","at.sem.molestie@at.org"),(60,"Kennan Madden","Cras.vehicula@Duiselementum.com");
INSERT INTO `Author` (`authorID`,`fullname`,`email`) VALUES (61,"Jordan Morales","quam.a@nullaIntegervulputate.co.uk"),(62,"Caldwell Beasley","Sed.neque.Sed@commodoat.edu"),(63,"Curran Hancock","scelerisque.scelerisque.dui@eteros.com"),(64,"Nash Bray","libero@nunc.com"),(65,"Ashton Fields","adipiscing@etcommodo.org"),(66,"Warren Wolfe","id@tellus.ca"),(67,"Erasmus Hinton","magna.nec@non.edu"),(68,"Ryder Gomez","eleifend@Crasvulputate.edu"),(69,"Bevis Mayer","quam.quis@eratVivamus.edu"),(70,"Camden Justice","vel@atvelitCras.co.uk");
INSERT INTO `Author` (`authorID`,`fullname`,`email`) VALUES (71,"Bradley Bradford","Sed.diam@auctorvitae.org"),(72,"Brandon Henson","dignissim@pedeCum.edu"),(73,"Allistair Richard","dis.parturient.montes@Nullam.edu"),(74,"Caldwell Rasmussen","Nam.ac@nisl.org"),(75,"Oscar Fulton","fringilla.@ipsumPhasellus.ca"),(76,"Fitzgerald Cannon","Curae.Phasellus@dictum.com"),(77,"Chadwick Conrad","amet.dapibus.id@arcu.net"),(78,"Harding Langley","viverra.@commodoauctorvelit.net"),(79,"Tobias Hernandez","massa@interdumfeugiatSed.org"),(80,"Aristotle Camacho","Nam@pedeet.org");
INSERT INTO `Author` (`authorID`,`fullname`,`email`) VALUES (81,"Reese Serrano","ultricies.adipiscing@pede.co.uk"),(82,"Merrill Camacho","natoque.penatibus.et@lacusNulla.com"),(83,"Zeph Sears","ac.mi@pharetrafelis.co.uk"),(84,"Ciaran Lott","elit.dictum.eu@sollicitudinadipiscing.org"),(85,"Yoshio Fry","quis@semelit.edu"),(86,"Damian Barrett","Curae@pede.org"),(87,"Graham Spencer","lorem@asollicitudin.edu"),(88,"Patrick Schultz","cursus@cursus.co.uk"),(89,"Reuben Hahn","eu.tempor@afacilisis.co.uk"),(90,"Ivor Mcintosh","primis.in.@dictumplacerataugue.edu");
INSERT INTO `Author` (`authorID`,`fullname`,`email`) VALUES (91,"Howard Barber","eros@aliquetmagnaa.ca"),(92,"Cullen Deleon","est.Nunc.ullamcorper@ligulaAliquam.edu"),(93,"Elvis King","orci.@risusMorbimetus.net"),(94,"Felix Johns","metus@elitpharetraut.org");

INSERT INTO `book_author` (`book`,`author`) VALUES (80,1),(37,64),(64,65),(87,100),(20,17),(20,65),(48,27),(22,24),(28,98),(68,72);
INSERT INTO `book_author` (`book`,`author`) VALUES (37,41),(72,76),(4,53),(84,78),(59,77),(89,31),(25,70),(78,46),(71,2),(72,19);
INSERT INTO `book_author` (`book`,`author`) VALUES (74,83),(51,27),(55,27),(22,84),(48,40),(46,30),(95,79),(59,66),(67,83),(76,30);
INSERT INTO `book_author` (`book`,`author`) VALUES (45,63),(41,6),(22,82),(85,75),(48,30),(98,98),(3,93),(17,2),(76,9),(91,60);
INSERT INTO `book_author` (`book`,`author`) VALUES (15,34),(11,58),(75,83),(62,88),(79,52),(77,64),(38,81),(16,76),(97,27),(16,12);
INSERT INTO `book_author` (`book`,`author`) VALUES (28,61),(76,98),(1,20),(25,25),(10,62),(6,60),(28,41),(44,55),(9,49),(76,31);
INSERT INTO `book_author` (`book`,`author`) VALUES (87,28),(62,96),(6,11),(62,24),(77,14),(92,32),(83,36),(18,47),(82,11),(83,77);
INSERT INTO `book_author` (`book`,`author`) VALUES (24,56),(99,80),(57,26),(1,85),(54,27),(67,82),(92,61),(70,10),(22,89),(91,16);
INSERT INTO `book_author` (`book`,`author`) VALUES (45,96),(30,48),(2,70),(14,16),(58,82),(28,91),(91,77),(89,1),(25,24),(22,28);
INSERT INTO `book_author` (`book`,`author`) VALUES (44,43),(39,42),(4,26),(94,76),(1,42),(17,59),(57,53),(47,4),(37,77),(23,68);


